-- Lineups Insertions

INSERT INTO `lineups` (`id`, `name`) VALUES (1, 'stellar');
INSERT INTO `lineups` (`id`, `name`) VALUES (2, 'pulsar');
INSERT INTO `lineups` (`id`, `name`) VALUES (3, 'nova');
INSERT INTO `lineups` (`id`, `name`) VALUES (4, 'LoL');

-- Members Insertions

INSERT INTO `members` (`id_lineups`,`name`,`role`,`imageUrl`) VALUES ('1','jingatak','Head manager','https://cdn.discordapp.com/avatars/153623885223428097/0fdc7966eff041a09431b4ba6734009a.png?size=2048');
INSERT INTO `members` (`id_lineups`,`name`,`role`,`imageUrl`) VALUES ('2','oclaff','Head manager','https://cdn.discordapp.com/avatars/177904371672154112/2461d7d50b20f3713b0984aefa7832ad.png?size=2048');
INSERT INTO `members` (`id_lineups`,`name`,`role`,`imageUrl`) VALUES ('1','bueno','manager TM','https://cdn.discordapp.com/avatars/229241724130557952/5f60c5033798e5d2617b8c741da413a8.png?size=2048');
INSERT INTO `members` (`id_lineups`,`name`,`role`,`imageUrl`) VALUES ('2','werthigo','player','https://cdn.discordapp.com/avatars/336618587949105152/48ab997d949478b532fcf27f72bfb256?size=1024');
INSERT INTO `members` (`id_lineups`,`name`,`role`,`imageUrl`) VALUES ('2','bullemite','player','https://cdn.discordapp.com/avatars/245255396875304960/9b152936c1ab562d57e216375553e777.png?size=2048');
INSERT INTO `members` (`id_lineups`,`name`,`role`,`imageUrl`) VALUES ('2','mc2x','player','https://cdn.discordapp.com/avatars/169925888195035136/7cf4e8ed19b59df7a71d29925d000a1e.png?size=2048');
INSERT INTO `members` (`id_lineups`,`name`,`role`,`imageUrl`) VALUES ('2','sawki','player','https://cdn.discordapp.com/avatars/474124450418262019/a_03561ecce5ef294abe36aab5ab21e209.png?size=2048');
INSERT INTO `members` (`id_lineups`,`name`,`role`,`imageUrl`) VALUES ('2','vetis','player','https://cdn.discordapp.com/avatars/277466222201798656/337cbae250b949a33c209d905c71b633.png?size=2048');
INSERT INTO `members` (`id_lineups`,`name`,`role`,`imageUrl`) VALUES ('2','yezaliah','player','https://cdn.discordapp.com/avatars/166951169892024321/deb20137662d6ebe74f37647d83610e5.png?size=2048');
INSERT INTO `members` (`id_lineups`,`name`,`role`,`imageUrl`) VALUES ('2','warock','player','https://cdn.discordapp.com/avatars/529792611175759883/0c0ebbe7921258385106bc4c015b47fe.png?size=2048');
INSERT INTO `members` (`id_lineups`,`name`,`role`,`imageUrl`) VALUES ('1','atalata','player','https://cdn.discordapp.com/avatars/400629408312066049/c8530477629b97d955b6302dc12bdfab.png?size=2048');
INSERT INTO `members` (`id_lineups`,`name`,`role`,`imageUrl`) VALUES ('1','dam','player','https://cdn.discordapp.com/avatars/605073248375406624/0a002337a91057699f0a27f74d88dbc3.png?size=2048');
INSERT INTO `members` (`id_lineups`,`name`,`role`,`imageUrl`) VALUES ('1','dydy','player','https://cdn.discordapp.com/avatars/247787125699772416/cdf9a30b5af0ef65b92d002bf12ef836.png?size=2048');
INSERT INTO `members` (`id_lineups`,`name`,`role`,`imageUrl`) VALUES ('1','romain','player','https://cdn.discordapp.com/avatars/340602267407220737/540d6d1c6413fe280f23feea84dfcd8a.png?size=2048');
INSERT INTO `members` (`id_lineups`,`name`,`role`,`imageUrl`) VALUES ('1','snake','player','https://cdn.discordapp.com/avatars/220516632877989889/aec62db57e11d00169e370ee1f68eb85.png?size=2048');
INSERT INTO `members` (`id_lineups`,`name`,`role`,`imageUrl`) VALUES ('1','tseko','player','https://cdn.discordapp.com/avatars/286526207556845569/d851260a94f50f653d98f5338d19c4b0.png?size=2048');
INSERT INTO `members` (`id_lineups`,`name`,`role`,`imageUrl`) VALUES ('1','warl','player','https://cdn.discordapp.com/avatars/268870783701352448/923bbb99c1586587adb188a4244623c6.png?size=2048');
INSERT INTO `members` (`id_lineups`,`name`,`role`,`imageUrl`) VALUES ('1','lueces','player','https://cdn.discordapp.com/avatars/292363744388841473/1ad1ad38f092c777c39d22e2aa9dea13.png?size=2048');
INSERT INTO `members` (`id_lineups`,`name`,`role`,`imageUrl`) VALUES ('3','chakymi','player','https://cdn.discordapp.com/avatars/564884587898208268/927728fdfd0ad063ecf0f25c94c2703d.png?size=2048');
INSERT INTO `members` (`id_lineups`,`name`,`role`,`imageUrl`) VALUES ('3','heyerdal','player','https://cdn.discordapp.com/avatars/178555415074832386/01ecc48c043eb867dc4866e0dc577944.png?size=2048');
INSERT INTO `members` (`id_lineups`,`name`,`role`,`imageUrl`) VALUES ('3','mush','player','https://cdn.discordapp.com/avatars/604373518712569856/abe181552a07b728884da68512c17d12.png?size=2048');
INSERT INTO `members` (`id_lineups`,`name`,`role`,`imageUrl`) VALUES ('3','oranjules','player','https://cdn.discordapp.com/avatars/476768568084529153/922fe333887d4da51ebdf9667eca7e57.png?size=2048');
INSERT INTO `members` (`id_lineups`,`name`,`role`,`imageUrl`) VALUES ('3','skuen','player','https://cdn.discordapp.com/avatars/713698714530611220/b27bde710a7bdf82e2bf6aeb0cdbd2e2.png?size=2048');
INSERT INTO `members` (`id_lineups`,`name`,`role`,`imageUrl`) VALUES ('3','streaxID','player','https://cdn.discordapp.com/avatars/487666381572276234/bd06a3defdb62a6c5f7cfdf9542398e4?size=1024');
INSERT INTO `members` (`id_lineups`,`name`,`role`,`imageUrl`) VALUES ('3','vyooz','player','https://cdn.discordapp.com/avatars/243424773286133761/567b3fb60cd56ff5439d08b19d62f691.png?size=2048');
INSERT INTO `members` (`id_lineups`,`name`,`role`,`imageUrl`) VALUES ('3','ayuido','player','https://cdn.discordapp.com/avatars/236768915701628929/3c0ca504afb03923ccb39dd82c329a33.png?size=2048');
INSERT INTO `members` (`id_lineups`,`name`,`role`,`imageUrl`) VALUES ('3','maidenDay','player','https://cdn.discordapp.com/avatars/180235053987528704/f8c497ba82cc08e830481e9210ccc90e.png?size=2048');
INSERT INTO `members` (`id_lineups`,`name`,`role`,`imageUrl`) VALUES ('4','xueliam','manager LoL / mid','https://cdn.discordapp.com/avatars/137683446100262913/bff6c0946233a91714cc32e8e002315f.png?size=2048');
INSERT INTO `members` (`id_lineups`,`name`,`role`,`imageUrl`) VALUES ('4','amin','top','https://cdn.discordapp.com/avatars/153546113343946752/d099765b47c48ade6f44c0cfc43e948f.png?size=2048');
INSERT INTO `members` (`id_lineups`,`name`,`role`,`imageUrl`) VALUES ('4','dragster','jungle','https://static.vecteezy.com/system/resources/previews/005/544/718/original/profile-icon-design-free-vector.jpg');
INSERT INTO `members` (`id_lineups`,`name`,`role`,`imageUrl`) VALUES ('4','atuda','Adc','https://cdn.discordapp.com/avatars/336575892803551234/c9ad182e1ceab7b1eba997186aea0084.png?size=2048');
INSERT INTO `members` (`id_lineups`,`name`,`role`,`imageUrl`) VALUES ('4','arthas','support','https://cdn.discordapp.com/avatars/398816673542569994/fba2b71170a93325554d76ae32bee8f4.png?size=2048');

-- Socials Insertions

INSERT INTO `socials` (`name`,`link`) VALUES ('Discord Eclipse Events','https://discord.gg/a3McPbjHMt');
INSERT INTO `socials` (`name`,`link`) VALUES ('Discord Eclipse','https://discord.gg/KRkg7hQQPU');
INSERT INTO `socials` (`name`,`link`) VALUES ('Twitter','https://twitter.com/EclipseEsportFr');
INSERT INTO `socials` (`name`,`link`) VALUES ('Tik-Tok','https://www.tiktok.com/@eclipse.esport');
INSERT INTO `socials` (`name`,`link`) VALUES ('Youtube','https://www.youtube.com/channel/UCyfdJHnAiYOxXYxk7ZcVkOA');
INSERT INTO `socials` (`name`,`link`) VALUES ('Twitch','https://www.twitch.tv/eclipseteamtv');

-- News Insertions

INSERT INTO `news` (`title`,`description`,`content`,`imageUrl`,`date`) VALUES ('First news','','This is the content of the news','https://media.discordapp.net/attachments/620751675719680040/1110256674616389732/image.png','2023-07-20');
INSERT INTO `news` (`title`,`description`,`content`,`imageUrl`,`date`) VALUES ('Second news','','This is the content of the news','https://media.discordapp.net/attachments/620751675719680040/1078461027873718332/image.png','2023-07-22');
INSERT INTO `news` (`title`,`description`,`content`,`imageUrl`,`date`) VALUES ('Third news','','This is the content of the news','https://media.discordapp.net/attachments/620751675719680040/1043108632650334258/29.png','2023-07-24');
INSERT INTO `news` (`title`,`description`,`content`,`imageUrl`,`date`) VALUES ('Fourth news','','This is the content of the news\n\nAnd this is a new line','https://media.discordapp.net/attachments/620751675719680040/1023704862556422214/WERTHIFERMIER.png','2023-07-25');
INSERT INTO `news` (`title`,`description`,`content`,`imageUrl`,`date`) VALUES ('Fifth news','This is an example of a description','This is the content of the news','https://media.discordapp.net/attachments/620751675719680040/1043095854464127006/image.png','2023-07-27');